image_id,generated_caption,reference_1,all_references
1056338697_4f7d7ce270.jpg,a man in a blue shirt is sitting on a train,a blond woman in a blue shirt appears to wait for a ride,"[""a blond woman in a blue shirt appears to wait for a ride"", ""a blond woman is on the street hailing a taxi"", ""a woman is signaling is to traffic as seen from behind"", ""a woman with blonde hair wearing a blue tube top is waving on the side of the street"", ""the woman in the blue dress is holding out her arm at oncoming traffic""]"
106490881_5a2dd9b7bd.jpg,a young boy wearing a blue shirt and blue shorts is standing on the beach,a boy in his blue swim shorts at the beach,"[""a boy in his blue swim shorts at the beach"", ""a boy smiles for the camera at a beach"", ""a young boy in swimming trunks is walking with his arms outstretched on the beach"", ""children playing on the beach"", ""the boy is playing on the shore of an ocean""]"
1082379191_ec1e53f996.jpg,a man in a blue shirt is sitting on a bench,a lady and a man with no shirt sit on a dock,"[""a lady and a man with no shirt sit on a dock"", ""a man and a woman are sitting on a dock together"", ""a man and a woman sitting on a dock"", ""a man and woman sitting on a deck next to a lake"", ""a shirtless man and a woman sitting on a dock""]"
1084040636_97d9633581.jpg,two white dogs are playing tug of war,a closeup of a white dog that is laying its head on its paws,"[""a closeup of a white dog that is laying its head on its paws"", ""a large white dog lying on the floor"", ""a white dog has its head on the ground"", ""a white dog is resting its head on a tiled floor with its eyes open"", ""a white dog rests its head on the patio bricks""]"
1096395242_fc69f0ae5a.jpg,a little boy in a blue shirt is sitting in front of a <unk>,a boy with a toy gun,"[""a boy with a toy gun"", ""a little boy in orange shorts playing with a toy"", ""a young boy with his foot outstretched aims a toy at the camera in front of a fireplace"", ""a young child plays with his new light up toy"", ""boy with toy gun pointed at the camera""]"
1107246521_d16a476380.jpg,a black dog is jumping up to catch a ball in its mouth,a black dog jumping to catch a rope toy,"[""a black dog jumping to catch a rope toy"", ""a black dog playing fetch with a ball of rope"", ""a black dog pounces to get a rope toy"", ""a black dog running after his rope toy"", ""a large black dog is playing in a grassy yard""]"
1119015538_e8e796281e.jpg,a brown dog is running through the grass with a tennis ball in its mouth,a little tan dog with large ears running through the grass,"[""a little tan dog with large ears running through the grass"", ""a playful dog is running through the grass"", ""a small dogs ears stick up as it runs in the grass"", ""the small dog is running across the lawn"", ""this is a small beige dog running through a grassy field""]"
1122944218_8eb3607403.jpg,a little boy in a blue shirt is playing a guitar,a baby in a white garment holds a flag with crescent moon and star,"[""a baby in a white garment holds a flag with crescent moon and star"", ""a baby is holding a small black flag with a moon and a star on it"", ""a baby wearing a white gown waves a muslim flag"", ""a little toddler dressed in white is smiling while a lady helps him wave a flag"", ""baby in white outfit holding black and white flag""]"
1131800850_89c7ffd477.jpg,a brown and white dog is running through the water,a brown and white dog stands outside while it snows,"[""a brown and white dog stands outside while it snows"", ""a dog is looking at something near the water"", ""a furry dog attempts to dry itself by shaking the water off its coat"", ""a white and brown dog shaking its self dry"", ""the large brown and white dog shakes off water""]"
1131932671_c8d17751b3.jpg,a man is sitting on a bed,a boy is jumping on a bed,"[""a boy is jumping on a bed"", ""a boy jumped up from the green bed"", ""a boy jumps from one bed to another"", ""a small child is jumping on a bed"", ""the boy in blue shorts is bouncing on the bed""]"
113678030_87a6a6e42e.jpg,a man in a blue jacket and black pants is snowboarding on a snow covered hill,a snowboarder sits on a slope with skiers and boarders nearby,"[""a snowboarder sits on a slope with skiers and boarders nearby"", ""a snowboarder takes a rest on the mountainside"", ""snowboarders sitting in the snow while skiers take the hill"", ""the snowboarder is sitting down"", ""two skiers stand two sit on slopes""]"
114051287_dd85625a04.jpg,a group of people are standing in front of a building,a boy dressed in soccer attire and holding his shoes getting out of a car,"[""a boy dressed in soccer attire and holding his shoes getting out of a car"", ""a boy in a red soccer strip is holding his boots in his hand whilst stepping out of a car"", ""a boy in glasses is wearing a red shirt"", ""a child getting out of the car wearing soccer shoes"", ""a young boy gets out of the van and prepares his shoes for wear during a soccer game""]"
115684808_cb01227802.jpg,a group of people are walking through the snow,three men are setting up a sledge on a snowy plain,"[""three men are setting up a sledge on a snowy plain"", ""three men loading items on a sled"", ""three people and a sled"", ""three people are standing in the snow preparing an ice fishing boat"", ""three people in the snow put their gear in order""]"
1167669558_87a8a467d6.jpg,a man in a blue shirt,a man in yellow grimaces,"[""a man in yellow grimaces"", ""a man wearing a yellow shirt with a dramatic look on his face"", ""the man in the yellow shirt is pulling a large grin on his face"", ""there is a man wearing a yellow shirt and grimacing"", ""this man is smiling very big at the camera""]"
1174525839_7c1e6cfa86.jpg,a man in a blue shirt is jumping on the beach,a girl in blue is jumping on the shore as small waves approach her,"[""a girl in blue is jumping on the shore as small waves approach her"", ""a girl leaps into the air while standing by the ocean"", ""a young long haired girl on the beach is jumping in the air"", ""the girl is running into the ocean from the shore"", ""the girls is jumping into the air on the beach""]"
1174629344_a2e1a2bdbf.jpg,a group of people are standing in front of a crowd of people,a crowd of people walk down a busy sidewalk,"[""a crowd of people walk down a busy sidewalk"", ""a group of different people are walking in all different directions in a city"", ""a group of people walking a city street in warm weather"", ""busy intersection in the summer time in a city"", ""people in summer clothes are walking on the sidewalk of a large city""]"
1220401002_3f44b1f3f7.jpg,a little girl in a pink shirt is running through the grass,two children are laughing in the grass,"[""two children are laughing in the grass"", ""two girls laughing outside in a yard"", ""two girls standing on grass face each other"", ""two young girls are playing and laughing in a green grassy yard"", ""two young girls playing together""]"
1224851143_33bcdd299c.jpg,a little boy in a blue shirt is sitting on a wooden bench,a boy eats with a spoon,"[""a boy eats with a spoon"", ""a little boy holds a spoon up to his mouth"", ""a little boy is eating his food off of a spoon while sitting on a patio"", ""a small child dressed in green is eating with a spoon"", ""a young child holds a spoon to its mouth while sitting in a chair""]"
1237985362_dbafc59280.jpg,a group of people are standing in front of a tree,a lady holds a little girl who is trying to catch bubbles,"[""a lady holds a little girl who is trying to catch bubbles"", ""a woman is holding a little girl who is trying to catch bubbles"", ""a woman with holding a young girl playing with bubbles at a picnic"", ""a young woman in a blue shirt stands holding a young girl in a denim dress"", ""there is a woman holding her baby daughter while the daughter claps""]"
1248940539_46d33ed487.jpg,a man in a blue shirt and shorts is standing on a sandy beach,three children are playing in sand near to the beach,"[""three children are playing in sand near to the beach"", ""three children playing in sand at beach"", ""three girls play in the sand"", ""three little blond girls two in blue one in pink play on a sunny beach"", ""three young girls dance on the beach in the sand""]"
1258913059_07c613f7ff.jpg,a group of people are sitting on a bench in front of a building,a couple of people sit outdoors at a table with an umbrella and talk,"[""a couple of people sit outdoors at a table with an umbrella and talk"", ""three people are sitting at an outside picnic bench with an umbrella"", ""three people sit at an outdoor cafe"", ""three people sit at an outdoor table in front of a building painted like the union jack"", ""three people sit at a picnic table outside of a building painted like a union jack""]"
1262583859_653f1469a9.jpg,a man wearing a helmet rides a bicycle on a bicycle,a biker enjoys a coffee,"[""a biker enjoys a coffee"", ""a man in a bright green shirt and sunglasses is riding a bicycle through the streets whilst drinking a latte"", ""a man in a bright green shirt riding a bicycle in a paved courtyard carying a drink"", ""a man rides on his bike with one hand and holds a drink with the other"", ""a man riding a bike wearing a green shirt with a drink in his hand""]"
1267711451_e2a754b4f8.jpg,a black and white dog is jumping over a log,a black and white dog carrying a large stick,"[""a black and white dog carrying a large stick"", ""a black and white dog is carrying a stick in its mouth"", ""a black and white dog walking through the grass with a long stick in his mouth"", ""a dog holds a stick in its mouth"", ""a dog trots across the ground with a large stick in his mouth""]"
127488876_f2d2a89588.jpg,two people are standing on a tree in the woods,one man in red shirt and black pants with a man in white shirt and tan shorts golfing,"[""one man in red shirt and black pants with a man in white shirt and tan shorts golfing"", ""tree in the foreground two men playing golf in the background"", ""two golfers are standing on the fairway looking off into the distance"", ""two golfers look off into the distance with hands blocking the sun"", ""two men looking into the distance on a golf course""]"
127490019_7c5c08cb11.jpg,a woman in a red shirt is sitting on the grass,a girl is getting ready to swing the club,"[""a girl is getting ready to swing the club"", ""a woman in shorts and a blue sleeveless shirt leans over a golf club"", ""a woman is taking a swing with a golf club"", ""a woman wearing a blue shirt and hat with khaki shorts plays golf"", ""a woman wearing blue begins a golf swing""]"
1282392036_5a0328eb86.jpg,a group of people are playing on a merry go round,a group of people in costume at a renaissance fair,"[""a group of people in costume at a renaissance fair"", ""people in costume at a renaissance fair"", ""two woman in colorful costumes look at a little girl wearing a brown vest"", ""two women and a child are sitting by a cart of arrows in front of a booth at a medieval fayre"", ""two women crouch near a small child at a medieval fair""]"
1287073593_f3d2a62455.jpg,a group of dogs run through the snow,a group of dogs pull a person on a dog sled up a hill,"[""a group of dogs pull a person on a dog sled up a hill"", ""dogsled rider pulled past flags on snowy hill"", ""dogs pulling a sled in a sled race"", ""five sled dogs are pulling a person on a sled through the snow"", ""the man is mushing his dogs on a snow trail""]"
1287475186_2dee85f1a5.jpg,a young boy is playing in a pool,a boy sitting in water,"[""a boy sitting in water"", ""a small boy is sitting in the water and water is splashing up through his legs"", ""a young boy in a swimming suit sits in water"", ""a young boy sitting on a water jet in a pool"", ""little boy sitting in water with a fountain coming up through his lap""]"
1298295313_db1f4c6522.jpg,a boy in a blue shirt is jumping into the water,a blonde boy wearing a blue life vest and camo shorts jumps off a diveboard into a blue lake,"[""a blonde boy wearing a blue life vest and camo shorts jumps off a diveboard into a blue lake"", ""a boy diving backward off a pier in a large lake"", ""a boy in a blue life jacket jumps into the water"", ""a boy in a blue life jacket jumps off a board into the lake"", ""a boy is holding his nose and jumping off a diving board backwards into a lake""]"
1311388430_4ab0cd1a1f.jpg,a dog is standing on a ledge in front of a mountain range,a person hanging from a telephone pole near the mountains,"[""a person hanging from a telephone pole near the mountains"", ""a person is hanging in the air from the power lines"", ""a person is hanging upside down from power lines"", ""person hanging upside down from poles"", ""someone is suspended from electrical wires""]"
1317292658_ba29330a0b.jpg,a boy in a blue shirt is jumping into the water,a boy enjoys a rain shower,"[""a boy enjoys a rain shower"", ""a boy in bathing trunks is standing under a water shower"", ""a boy in swim trunks screams while being sprayed with water"", ""a boy is squinting while being sprayed with water from a flat ground surface"", ""a boy wearing black swimming trunks is standing in a fountain""]"
1322323208_c7ecb742c6.jpg,a man and a woman are walking on the beach,a boy and a girl playing on the beach,"[""a boy and a girl playing on the beach"", ""a small boy and girls are playing in the sand on the beach"", ""two children one of which is holding a stick are standing on the beach as the sun begins to set"", ""two children on the beach silhouetted by the setting sun"", ""two young children playing with sticks at the beach""]"
132489044_3be606baf7.jpg,a man in a black jacket is sitting in front of a window,a man sleeping with a bag on his lap on public transportation,"[""a man sleeping with a bag on his lap on public transportation"", ""a man who has fallen asleep on public transportation"", ""an asian man in a suit on the subway asleep"", ""a tired business man takes a quick nap while riding the train"", ""a young man in a suit and tie leans against a railing to take a nap on public transit""]"
1329832826_432538d331.jpg,a man in a blue shirt and blue jeans is standing on a sidewalk in front of a city street,people stand on a street corner at dusk with a pharmacy in the background,"[""people stand on a street corner at dusk with a pharmacy in the background"", ""people stand outside of the rite aid pharmacy on broadway"", ""people waiting to cross the street in front of a pharmacy with lit up sign"", ""some people look to cross the street in front of a drug store"", ""this is a picture of a broadway rite aid pharmacy that has a bright neon sign and people are prepared to cross the street in front of it""]"
1332722096_1e3de8ae70.jpg,a group of children are playing with a yellow ball in the background,three women standing on a city street,"[""three women standing on a city street"", ""three women walk down the street"", ""two girls and a woman walking on the sidewalk"", ""two girls in bright green boots and a woman are together"", ""two young ladies in green boots are walking through an urban area while an older lady wearing black shoes follows them""]"
1339596997_8ac29c1841.jpg,three women in dresses are standing in front of a church,three females wearing head scarves standing together,"[""three females wearing head scarves standing together"", ""three muslim women are looking at a camera"", ""three women in dresses and head scarves outside"", ""three women in head scarves examine a camera"", ""three women with head scarves and long skirts""]"
1343426964_cde3fb54e8.jpg,a woman in a blue shirt and blue jeans and a blue shirt is standing on a blue slide,a blond boy in a blue tee shirts stands smiling before a craft of green nylon fabric,"[""a blond boy in a blue tee shirts stands smiling before a craft of green nylon fabric"", ""a child poses wearing glasses near water outside"", ""a small girl smiling on the beach"", ""a young kid at the beach"", ""a young man wearing swimming goggles wearing a blue shirt with a pirate skull on it""]"
1348304997_afe60a61df.jpg,a man in a white shirt is jumping in the air,a barefoot red headed girl jumping over a rail,"[""a barefoot red headed girl jumping over a rail"", ""a girl jumps on the trampoline"", ""a young girl jumping over a railing or a ladder on its side"", ""the small red haired girl jumps on the trampoline under the tree by the shed"", ""the young child with red hair bounced on the trampoline""]"
1352410176_af6b139734.jpg,a little girl is standing on a sidewalk near the ocean,a blonde girl is stepping on vertical logs in the sand,"[""a blonde girl is stepping on vertical logs in the sand"", ""a little girl is walking along a line of logs on a sandy beach"", ""a young girl balances on wooden pylons at the beach"", ""a young girl is walking on stumps on the beach next to the ocean"", ""girl walking along the tops of wooden posts set into sand on a beach""]"
1356796100_b265479721.jpg,a little girl in a pink shirt is climbing up a tree,a girl in a flowered dress peaking through some leaves,"[""a girl in a flowered dress peaking through some leaves"", ""a girl peeks through the leaves on a tree"", ""a girl peeks through the green leaves"", ""a young girl peers through the green foliage"", ""a young girl face looking through leaves""]"
136552115_6dc3e7231c.jpg,a dirt bike rider does a trick in the air,a helmeted man jumping off a rock on a mountain bike,"[""a helmeted man jumping off a rock on a mountain bike"", ""a man jumping on his bmx with another bmxer watching"", ""a mountain biker is jumping his bike over a rock as another cyclist stands on the trail watching"", ""a person taking a jump off a rock on a dirt bike"", ""the bike rider jumps off a rock""]"
136644343_0e2b423829.jpg,a boy in a blue shirt is playing on a swing,a boy rides on a tire swing,"[""a boy rides on a tire swing"", ""a boy swinging on a tire swing"", ""a small boy in a horizontal tire swing"", ""young boy smiles at the camera from the tire swing"", ""young boy swinging on a tire swing""]"
136886677_6026c622eb.jpg,a man in a boat is riding a boat in the water,a large man sits in the back of a canoe with another man in front on a river,"[""a large man sits in the back of a canoe with another man in front on a river"", ""two man are paddling a kayak along a river with green trees on either side"", ""two men in a small boat rowing down a river"", ""two men paddling a canoe down a narrow stream"", ""two paddlers propel a canoe down a tree lined stream""]"
1386964743_9e80d96b05.jpg,a little girl in a yellow dress is walking along a path,a boy is playing with a camera whilst standing on a dirt track,"[""a boy is playing with a camera whilst standing on a dirt track"", ""a child in a field"", ""a kid standing in the middle of a dirt road"", ""a young child stands in a path in a field of sunflowers"", ""small child with black hair standing in car track near sunflowers""]"
138718600_f430ebca17.jpg,a man is riding a bicycle on a bike in a park,two bicycles are standing behind two people sitting on the grass near a body of water,"[""two bicycles are standing behind two people sitting on the grass near a body of water"", ""two blonde women sit beside their bicycles in the grass beside a body of water"", ""two girls are sitting on a path by a river with their bicycles parked beside them"", ""two people are sitting by a pond next to their bikes"", ""two women sitting in the grass with their bikes behind them""]"
1387785218_cee67735f5.jpg,a little girl in a pink dress is playing with a hula hoop,a child pushes a doll in a baby carriage,"[""a child pushes a doll in a baby carriage"", ""a little girl pushing a baby doll stroller"", ""a little kid in blue shoes is pushing a toy baby in a stroller"", ""a small child pushes a stroller down the street"", ""a young child carrying a doll in a stroller""]"
1389264266_8170bc1c54.jpg,a man and woman are standing on a sidewalk,a girl with pink streaked hair and fur uggs looks back while the girl walking next to her looks at her,"[""a girl with pink streaked hair and fur uggs looks back while the girl walking next to her looks at her"", ""two girls facing each other one has a skull face bag wearing a red and black shirt the other is wearing a beaded belt"", ""two girls walking down the street"", ""two girls wearing goth trendy clothing while one looks back at the camera"", ""two young girls wearing goth clothes""]"
1392272228_cf104086e6.jpg,a black dog is running through the water,a black dog carrying an object out of the water,"[""a black dog carrying an object out of the water"", ""a black dog carrying some seaweed out of the water"", ""a black dog is coming out of the ocean water on the beach with something in its mouth"", ""a black dog with a stick in its mouth is walking out of the water onto a beach"", ""a dog retrieves a branch from on a beach""]"
1394368714_3bc7c19969.jpg,a group of people are sitting on a bench,a dog waits as his owner rummages through a collection of stuff,"[""a dog waits as his owner rummages through a collection of stuff"", ""a man holding the leash of a pug bends down to look in a bin at an outdoor rummage sale"", ""a man with a pug dog bends over to pick something off the sidewalk"", ""a man with a pug on a leash bending down to examine merchandise"", ""a person holding a small dog on a leash is bending over and looking through items""]"
1402640441_81978e32a9.jpg,a young boy in a blue shirt and blue shorts is playing with a soccer ball in the background,a boy in red and blue shorts is trying to catch a soccer ball while running in sand,"[""a boy in red and blue shorts is trying to catch a soccer ball while running in sand"", ""a young boy wearing a red bathing suit reaches for a soccer ball"", ""kid guards face from soccer ball"", ""the little boy in red trunks is attempting to catch a soccer ball that is coming towards him"", ""young boy plays ball on the beach""]"
1404832008_68e432665b.jpg,a man and a woman are playing in the water,a man in a harness being dragged across the water,"[""a man in a harness being dragged across the water"", ""a man in a harness lands in the water"", ""a man on a tag line going into the water"", ""a man on a zip line being propelled through the water"", ""a man wearing bathing trunks is parasailing in the water""]"
1408958345_68eea9a4e4.jpg,a girl in a pink bathing suit is surfing on a beach,a girl smiles as she runs across the white sandy beach in her swimsuit,"[""a girl smiles as she runs across the white sandy beach in her swimsuit"", ""a little girl in a flowered bathingsuit runs through the sand at the beach"", ""a little girl in a flower swimsuit running across the beach with waves in the background"", ""there is a little girl running on the beach"", ""the young girl is running on a sandy beach""]"
1415591512_a84644750c.jpg,a young boy in a blue shirt is jumping in the air,a girl in boots is active in the grass,"[""a girl in boots is active in the grass"", ""a girl is playing in the mud near a car"", ""a young girl in front of a silver car wearing boots demonstrates some interesting moves"", ""little girl moving quickly on grass beside silver car"", ""the little girl is spinning around making her hair fly in front of the silver car""]"
1417031097_ab656bc4bd.jpg,a man is doing a trick on a skateboard,a person is laughing on a roller coaster ride,"[""a person is laughing on a roller coaster ride"", ""a photo of a ride at an amusement park on an overcast day"", ""people are in a ride that drops you from a great height"", ""people on an amusement park ride"", ""people on a ride at a fair""]"
1425069308_488e5fcf9d.jpg,a white dog and a white dog are playing with a white dog,a dog on two legs with its mouth opened toward a blue ball in the air,"[""a dog on two legs with its mouth opened toward a blue ball in the air"", ""a white dog catching a blue ball"", ""a white dog jumps to catch a blue ball in a living room"", ""the dog is jumping in the air to catch a ball"", ""two dogs in a family room are playing one is catching a ball in its mouth""]"
1427391496_ea512cbe7f.jpg,a boy in a blue shirt and jeans is standing on a wooden bench,a child in a black shirt standing on a wooden dock near a picnic table,"[""a child in a black shirt standing on a wooden dock near a picnic table"", ""a little boy is smiling for the camera on a playground"", ""a young boy holds onto a blue handle on a pier"", ""a young child stands on a wood dock next to the water"", ""boy in green sweater with white stripe on sleeve standing on wood planked floor with body of water in the background""]"
1432179046_8e3d75cf81.jpg,a group of people are walking along the street in front of a brick wall,a man in the near distance is pointing to a silver sedan near him,"[""a man in the near distance is pointing to a silver sedan near him"", ""a man is playing tennis with himself against a large wall in a parking lot"", ""a man walks toward a car in a parking lot"", ""man stands outside against wall with tennis racket in dark"", ""the man is playing tennis against the building""]"
1433142189_cda8652603.jpg,a man and a woman are standing in front of a mountain,a hiker is walking a treeless path up a hill,"[""a hiker is walking a treeless path up a hill"", ""a man is backpacking up a grassy hill"", ""a man with a big backpack is walking through a grass trail up a hill"", ""person hiking up a grassy trail toward a large hill"", ""the hiker is following a trail uphill""]"
143688283_a96ded20f1.jpg,a man in a blue shirt and a blue shirt is jumping on a rope swing,a man in a harness climbing a rock wall,"[""a man in a harness climbing a rock wall"", ""a man with a white shirt and helmet is climbing a mountain"", ""a man in a white shirt and helmet is using climbing equipment"", ""a young man wearing a white helmet climbing up a rock wall"", ""man rock climbing looking up the rock""]"
1446053356_a924b4893f.jpg,three boys are playing soccer in a field,children participate in a sport on a green field while in uniforms,"[""children participate in a sport on a green field while in uniforms"", ""the young soccer player enjoys the game"", ""two girls in soccer strips are playing on a sports field"", ""two girls play on a fenced in field"", ""two girls wearing black and white uniforms run down a grassy field""]"
1456393634_74022d9056.jpg,a man in a wetsuit is riding a surfboard on a beach,a boy doing a handstand on the beach,"[""a boy doing a handstand on the beach"", ""a child does a handstand on the sand at the beach"", ""a child doing a handstand on the beach"", ""a little boy does a cartwheel on the beach"", ""a little boy doing a handstand on the beach""]"
1461667284_041c8a2475.jpg,a group of people are sitting on a bench,a guitarist plays while people play with hula hoops in the background,"[""a guitarist plays while people play with hula hoops in the background"", ""a guitarist sits playing before microphones while a man and a boy dance and a woman stands by"", ""a man in a white hat plays guitar on a stage"", ""a man plays guitar on a stage while another woman smiles"", ""four people performing music outdoors""]"
1467533293_a2656cc000.jpg,a man and a woman ride on a playground,the two girls are playing on a yellow and red jungle gym,"[""the two girls are playing on a yellow and red jungle gym"", ""two girls play at a park"", ""two little girls both dressed in pink play on the jungle gym"", ""two little girls in pink are in a playground"", ""two young girls wearing pink playing on a playground""]"
1472230829_803818a383.jpg,a group of people are sitting in the water,a group of people in a boat white water rafting,"[""a group of people in a boat white water rafting"", ""a group of seven people are rafting in the rapids in a green boat"", ""rafting boat on river"", ""seven people are riding a green raft in a white water river"", ""seven rafters are paddling and riding the rapids in a green raft""]"
1472882567_33dc14c8b6.jpg,two skiers are skiing down a snowy hill,a group of skiers going up a mountain,"[""a group of skiers going up a mountain"", ""four cross country skiers climb uphill"", ""four people climbing a hill in the snow"", ""four skiers walking up a snow covered hill"", ""four skiers climbing snow drapped mountain""]"
1490213660_9ea45550cf.jpg,a white dog is jumping in the water,a dog is trotting through a shallow stream,"[""a dog is trotting through a shallow stream"", ""a light colored dog is walking through a stream"", ""a male weimaraner with a clipped tail is walking through a river"", ""a tan dog walking along in a stream"", ""the brown dog is walking through a river surrounded by bushes""]"
1490670858_e122df2560.jpg,a little boy in a blue shirt is playing with a red toy,a child on a red slide,"[""a child on a red slide"", ""a little boy sits on a slide on the playground"", ""a little boy slides down a bright red corkscrew slide"", ""a little boy slides down a red slide"", ""a young boy wearing a blue outfit sliding down a red slide""]"
1499581619_a5f65a882c.jpg,a man in a blue shirt and black pants is walking on the beach,a couple dressed in hoodies kissing on the beach,"[""a couple dressed in hoodies kissing on the beach"", ""a man and a woman share a kiss on the beach"", ""a man with a brown hooded jacket is kissing a girl with sunglasses"", ""there is a couple kissing on the beach"", ""two people kiss on the beach""]"
150387174_24825cf871.jpg,a mountain biker is riding a dirt bike in the woods,a man dressed in camouflage riding a motorbike,"[""a man dressed in camouflage riding a motorbike"", ""a man is going between two red flag markers on a dirt bike"", ""a man is riding a dirt bike over some rocks"", ""a man wearing camouflage steers a motorcycle across some stones"", ""the man waeribng a helmet is riding a dirt bike over rocks""]"
1509786421_f03158adfc.jpg,a man and woman are posing for a picture,a boy points,"[""a boy points"", ""a boy points at something while a man looks"", ""a boy smiles at points at something a man looks to the side"", ""a little boy smiles and points while a man looks in the direction of the child gaze"", ""the man in the blue shirt is looking in the direction to which the little boy is pointing""]"
1517721825_10176d0683.jpg,two dogs are playing in the water,a brown black and tan dog run in the ocean,"[""a brown black and tan dog run in the ocean"", ""three dogs run into the water"", ""three dogs running through water"", ""three dogs run through surf near rocky outcrop"", ""three dogs run through the water near the rocks and make splashes""]"
1523984678_edd68464da.jpg,a black and white dog with a tennis ball in its mouth,a dog is running with a yellow tennis ball and wearing a red harness,"[""a dog is running with a yellow tennis ball and wearing a red harness"", ""a small black and white dog running through the grass with a tennis ball in his mouth"", ""small black and white dog wearing a red harness is running around with a ball in its mouth"", ""small dog with red harness fetching a ball"", ""the dog wearing the red collar is running across the grass with a ball in its mouth""]"
1536774449_e16b1b6382.jpg,a group of people are standing in front of a crowd of people,a boxy building a group of trees a church at sunset,"[""a boxy building a group of trees a church at sunset"", ""a crowd of people are gathered with a sky scene in the background"", ""a crowd of people at an outdoor event"", ""a very large group of people stand outdoors under the beautiful clouds"", ""large crowd of people gathered together""]"
1547883892_e29b3db42e.jpg,a man and a woman are sitting on a bench in a park bench,a girl is reading while drinking starbuck coffee,"[""a girl is reading while drinking starbuck coffee"", ""a seated young woman in a hat is reading at a coffee shop"", ""a woman enjoying her reading at a coffee shop"", ""a woman in a hat sits reading and drinking a coffee"", ""a young woman sips a coffee and reads a book""]"
154871781_ae77696b77.jpg,a man and a woman are playing in a field,boys kicking soccer ball in the grass under a tree,"[""boys kicking soccer ball in the grass under a tree"", ""two boys are kicking a ball to each other in the park"", ""two boys have made a goal out of two jackets in order to play soccer"", ""two boys kick around a ball in a meadow"", ""two kids play soccer in a field""]"
1554713437_61b64527dd.jpg,a grey dog is jumping over a fallen tree in the woods,a big hound dog walking on a log in the woods,"[""a big hound dog walking on a log in the woods"", ""a brown dog walks on top of a felled tree trunk"", ""a grey dog walks on top of a fallen tree in the woods"", ""a skinny brown dog walks across a large piece of fallen tree"", ""the skinny brown dog is walking on a fallen tree""]"
1561658940_a947f2446a.jpg,a little girl in a pink shirt is sitting on a swing,a little girl in a swing laughs,"[""a little girl in a swing laughs"", ""a little girl is swinging in her brightly colored swing outside"", ""a little girl sits in a plastic swing set"", ""a young girl on a swing"", ""girl wearing pink pants smiles in baby swing""]"
1572532018_64c030c974.jpg,a group of children are playing in the water,children playing at the beach,"[""children playing at the beach"", ""a little boy in red shorts a boy in a black speedo and a boy in grey shorts are all running on the beach"", ""three boys are running on the beach playing a game"", ""three boys play tag on the beach"", ""two young boys and one young man run on a beach with water behind them""]"
1584315962_5b0b45d02d.jpg,a group of people are climbing up a snowy hill,a man holds a flag next to a snowbound campsite,"[""a man holds a flag next to a snowbound campsite"", ""a man with a texas flag stands in the snow by tents"", ""a person setting up a tent beside a few other tents on the snowy ground"", ""mountain climbers are setting up their tents"", ""with a pack and ski pole on the ground a man wearing a winter coat is holding a tent while other tents are already set up""]"
160792599_6a7ec52516.jpg,a group of people stand on the shore of the ocean,a group of people stand in the sand looking out at the water,"[""a group of people stand in the sand looking out at the water"", ""five people look out toward the ocean"", ""five people standing in front of a body of water"", ""three men and two women stand facing the ocean from the shore on a sunny day"", ""two ladies and three men looking at the ocean""]"
1626754053_81126b67b6.jpg,a black and white dog is jumping to catch a frisbee,a black and white dog is going after an orange frisbee,"[""a black and white dog is going after an orange frisbee"", ""a black and white dog leaps to catch an orange frisbee"", ""a black and white dog prepares to catch a frisbee"", ""a dog about to jump to catch a frisbee"", ""dog jumping for frisbee""]"
1659358141_0433c9bf99.jpg,a brown dog with a blue collar is running through the grass,a brown dog is panting hard on grass during a sunny day,"[""a brown dog is panting hard on grass during a sunny day"", ""a brown dog walks in the grass with its tongue hanging out"", ""a dog running with tongue hanging out"", ""a grey dog walks in the green grass tongue hanging out"", ""a tan dog jogging with his tongue hanging out""]"
166507476_9be5b9852a.jpg,a man is sitting on a rock in the water,the iguanas wrestled along the rocky water bank,"[""the iguanas wrestled along the rocky water bank"", ""the two reptiles are standing on their back legs near deep water"", ""two lizards fighting"", ""two lizards fight in the water"", ""two oriental lizards are fighting for dominance in a small pond""]"
1674612291_7154c5ab61.jpg,a white dog jumping up to catch a ball in its mouth,a dog is jumping to catch a frisbee and casts a perfect shadow,"[""a dog is jumping to catch a frisbee and casts a perfect shadow"", ""a dog jumps and catches a frisbee in the grass"", ""a dog jumps and catches a toy"", ""a white dog leaps to catch an object"", ""a yellow lab jumping up to catch a toy""]"
1679617928_a73c1769be.jpg,a man in a white shirt and a black and white striped shirt is standing in front of a car,a basset hound is leashed to the rearview mirror of a yellow and white vehicle,"[""a basset hound is leashed to the rearview mirror of a yellow and white vehicle"", ""a black and white dog tied to a yellow and white van"", ""a dog lying down tethered to the side mirror of a yellow vw bus"", ""a dog with black white and brown coloring is leashed up to a mirror"", ""the black and white dog is tethered next to a yellow car""]"
1682079482_9a72fa57fa.jpg,a little girl in a blue shirt is blowing bubbles on a swing,a little girl on a kid swing,"[""a little girl on a kid swing"", ""a little girl shouts for joy as she swings on the swing"", ""a toddler girl in a swing is laughing"", ""a toddler in a pink shirt in a bucket swing"", ""a young girl making a wide mouthed expression while swinging""]"
170100272_d820db2199.jpg,a man in a blue shirt is sitting on a bench,a child is on a slide,"[""a child is on a slide"", ""a child is sliding down a spiral slide on a playground"", ""a girl goes down a blue and yellow slide at a park"", ""a little girl is sliding down a slide at a park"", ""a small girl slides down a spiral slide at the playground""]"
1714316707_8bbaa2a2ba.jpg,a little girl in a pink jacket is walking through the snow,a boy in a red jacket smacks a snow covered tree with a stick,"[""a boy in a red jacket smacks a snow covered tree with a stick"", ""a child stands underneath a snow covered tree"", ""a little boy shakes the snow off of a tree"", ""a person in a red jacket stands under a snow covered tree"", ""child standing in a snowy landscape pulling down a snow covered tree branch""]"
172097782_f0844ec317.jpg,a young boy in a red shirt is riding a surfboard in the water,a man in swim trunks and a red life vest jet skiing,"[""a man in swim trunks and a red life vest jet skiing"", ""a man waterskiing with one hand"", ""a man wearing a red life jacked is holding a purple rope while waterskiing"", ""a man wearing swimming trunks is waterskiing backwards using only one hand"", ""person in red ski jacket skiing backwards""]"
1764955991_5e53a28c87.jpg,a dog runs through the woods,a brown and white dog trotting down the road in autumn,"[""a brown and white dog trotting down the road in autumn"", ""a brown dog is carrying a ball up the road"", ""a dog with a ball in his mouth running down a road covered in leaves"", ""a large dog walks along a gravel path in the woods"", ""a tan and white dog retrieving a ball on a gravel path""]"
1765164972_92dac06fa9.jpg,a young boy wearing a red shirt and sunglasses,a girl with a nose ring earring and mohawk,"[""a girl with a nose ring earring and mohawk"", ""a person with spiky hair looks to the left"", ""a profile of a young person with a punk hairstyle and pierced ear and nose in a cowboy shirt"", ""a young person with a mohawk and a nose piercing in a plaid shirt"", ""the person is posing in a red flannel shirt with a mohawk""]"
1772859261_236c09b861.jpg,a black and white dog is swimming in the water,a black and white dog plays in the water,"[""a black and white dog plays in the water"", ""a black and white dog walking in shallow water"", ""a dog splashes through the water"", ""a dog swims"", ""black and white dog wearing a harness walking through water""]"
1773928579_5664a810dc.jpg,a group of people are standing on a wooden pole,a crowd is watching a dog climb up a staircase,"[""a crowd is watching a dog climb up a staircase"", ""a dog is running through an obstacle course in front of a group of people"", ""a dog performs a trick on a ladder in front of a crowd observing his talent"", ""large brown dog walks up a blue staircase"", ""onlookers watch a german shephard climb steps on an obstacle course""]"
1786425974_c7c5ad6aa1.jpg,a black and white dog is running through the grass,a large dog sniffing a human hand while a small dog is sniffing the large dog butt,"[""a large dog sniffing a human hand while a small dog is sniffing the large dog butt"", ""a person reaches for a large grey dog while a black dog trails"", ""a smaller dog sniffs a larger dog in the hills"", ""the black dog is sniffing the brown dog butt"", ""the lady ask the dog to give her the ball on their beach walk""]"
180094434_b0f244832d.jpg,a group of people are standing on a sidewalk in front of a building,a few younger boys play around a fountain,"[""a few younger boys play around a fountain"", ""a group of people gather around a large fountain"", ""three boys play around a fountain in an office building courtyard"", ""three kids are playing at a fountain in front of a building"", ""three kids playing around a fountain""]"
180506881_de0f59770f.jpg,a man in a white shirt and black pants is walking down a street,the camera focuses on two people legs,"[""the camera focuses on two people legs"", ""the legs and mid sections of two people with skateboards"", ""two guys walking one carrying a skateboard"", ""two male skaters walk on sidewalk"", ""two people wearing white shirts and jeans each carrying a skateboard""]"
1808370027_2088394eb4.jpg,a man in a white shirt is jumping in the water,a dog swims towards a waterfall,"[""a dog swims towards a waterfall"", ""a tan and white dog swimming towards a waterfall"", ""a yellow dog swims towards a waterfall"", ""the dog swims through the water toward the waterfall"", ""the dog swims towards a waterfall""]"
1836335410_de8313a64e.jpg,a man in a black shirt and black leather jacket is smiling at the camera,a man dressed in brown holding a light saber,"[""a man dressed in brown holding a light saber"", ""a man wearing a black outfit holding on to a glowing sword"", ""man dressed up in black and brown and holding a white light saber"", ""the man holds a light sabre"", ""the man is playing with his star wars light sword""]"
1897025969_0c41688fa6.jpg,a black dog and a white dog are playing tug of war,a black dog and a tan dog fighting,"[""a black dog and a tan dog fighting"", ""a black dog and a white dog are wrestling on the ground"", ""a black dog bites a white dog while standing on the sand"", ""two dogs fight"", ""two dogs one white and one black play with each other in the sand""]"
189721896_1ffe76d89e.jpg,a man climbing a rock wall,a man rock climbs up a very tall cliff with a blue rope behind him,"[""a man rock climbs up a very tall cliff with a blue rope behind him"", ""a man wearing a red shirt is climbing up the rock wall"", ""a young man climbs a mountain another follows below"", ""man scales rock"", ""the climber in red is leading climbers up a long rock face""]"
191003285_edd8d0cf58.jpg,a man and woman are sitting on a bed,a man and a girl sit on the ground and eat,"[""a man and a girl sit on the ground and eat"", ""a man and a little girl are sitting on a sidewalk near a blue bag eating"", ""a man and young girl eat a meal on a city street"", ""a man wearing a black shirt and a girl wearing an orange shirt sitting on the pavement eating"", ""a man wearing a black shirt and a little girl wearing an orange dress share a treat""]"
1917265421_aeccf1ca38.jpg,a group of people are standing on a grassy hill in front of a group of people,children participate in a sport involving swine among spectators,"[""children participate in a sport involving swine among spectators"", ""children playing with a pig"", ""people are gathered around watching children with a pig"", ""several children pet a pig while a crowd watches"", ""the young children are petting a piglet""]"
1962729184_6996e128e7.jpg,a group of people are riding bicycles on a busy street,a girl kisses her mother goodbye before she waits with the other children to start school,"[""a girl kisses her mother goodbye before she waits with the other children to start school"", ""a group of children in blue clothes stand by a gate"", ""a group of students in uniform stand in front of the gate"", ""crowd of people near the water"", ""group of schoolchildren in uniforms standing at a gate one kissing her mother goodbye""]"
197107117_4b438b1872.jpg,a rock climber is rock climbing,a mountain climber looks down from the summit,"[""a mountain climber looks down from the summit"", ""a person is rock climbing between two large rock faces"", ""a rock climber climbs in between two very large rocks"", ""a rock climber leans out from a crag against a deep blue sky"", ""two large mountains stand high in the air as a person tries to climb one""]"
197504190_fd1fc3d4b7.jpg,a man in a yellow shirt is running on a grassy field,two boys in a field kicking a soccer ball,"[""two boys in a field kicking a soccer ball"", ""two children are playing with a soccer ball on grass"", ""two children playing with a ball on the grass"", ""two children play soccer in the park"", ""two little boys are playing outside with their soccer ball on the green grass""]"
1982852140_56425fa7a2.jpg,a man and a woman are walking along the beach,an adult and a child run on the beach,"[""an adult and a child run on the beach"", ""a woman and a little girl playing in the sand next to the ocean"", ""two people run down the beach and one of them is pointing"", ""two people running on a beach"", ""two people running on the shore of a beach""]"
1998457059_c9ac9a1e1a.jpg,a man in a wetsuit is surfing a wave in the ocean,a body boarder is being dumped on the beach by a wave whilst other surfers are standing around in the water,"[""a body boarder is being dumped on the beach by a wave whilst other surfers are standing around in the water"", ""a child is pushed by a large wave while holding his yellow surfboard"", ""four swimmers in the crystal blue ocean with yellow surfboards"", ""people surfboarding and standing in the ocean"", ""some wakeboarders riding waves on a beach busy with tourists""]"
200771289_31902164a7.jpg,a man in a black shirt and black leather jacket is standing in front of a crowd of people,men wearing sunglasses with their backs turned to the camera,"[""men wearing sunglasses with their backs turned to the camera"", ""the backs of two men wearing backpacks near some tents"", ""two men in black bulletproof vests watch something taking place to the right of the picture"", ""two men in black outfits have backpacks"", ""two men in bullet proof vests watch over a crowd by some white tents""]"
2021613437_d99731f986.jpg,a little boy in a blue shirt is playing with a ball,a boy dribbles a basketball in the gymnasium,"[""a boy dribbles a basketball in the gymnasium"", ""a boy dribbling a basketball in a gym"", ""a boy wearing a steve nash shirt dribbles a basketball on an indoor court"", ""a child in a gray shirt is bouncing a basketball on a basketball court"", ""one little boy dribbles his basketball""]"
2041867793_552819a40b.jpg,a man and a woman are sitting in a restaurant,a child sitting at a restaurant table holding a paper mask against his face,"[""a child sitting at a restaurant table holding a paper mask against his face"", ""a child with a mask on sitting at a table with a plate in front"", ""a young child wearing a mask at ivars"", ""child in a restaurant posing with a paper mask"", ""the boy is wearing a cardboard scuba mask at the restaurant""]"
2049051050_20359a434a.jpg,a man in a blue shirt and black pants is sitting on a rock,a girl in a black jacket and hat is covered in a pink blanket,"[""a girl in a black jacket and hat is covered in a pink blanket"", ""a woman derssed in a black sweater gloves hat and a scarf sits on the beach near a boulder"", ""a woman in a black cap and outfit sits in the sand"", ""a woman wearing a black hat sits on the sand with a rock behind her"", ""the girl sitting by a rock is wearing a black coat black hat black gloves but is covered by a pink blanket""]"
2054869561_ff723e9eab.jpg,a black and white dog is running through the grass,a black and white dog chases a pink frisbee,"[""a black and white dog chases a pink frisbee"", ""a black and white dog is chasing a ping frisbee"", ""a black and white dog is looking at a pink frisbee on a court"", ""a black and white dog is running with a pink frisbee next to him"", ""a dog runs to catch a frisbee on astroturf""]"
2061144717_5b3a1864f0.jpg,a man in a red shirt and jeans is walking on a sidewalk in front of a brick building,a man and child stand at the bottom of an outdoor staircase near benches,"[""a man and child stand at the bottom of an outdoor staircase near benches"", ""a man and young boy are standing looking at each other in an outdoor garden area"", ""a man in an ampitheater talking to a boy"", ""a man talks to a boy in a vacant area"", ""the man and the boy are standing at the bottom of the outdoor stairs""]"
2061354254_faa5bd294b.jpg,two men are playing cricket on a park,a boy hangs from a bar while a man gives him a push,"[""a boy hangs from a bar while a man gives him a push"", ""a little boy being pushed by an older person on playground"", ""a little boy is going down a pulley swing"", ""a man pushes a boy on a zip line"", ""a smiling boy slides down a rope while hanging on""]"
2064790732_219e52e19c.jpg,a group of people are sitting on a bench in front of a crowd of people,a boy without a shirt is running in the street while several people stand behind him,"[""a boy without a shirt is running in the street while several people stand behind him"", ""a little boy dances with a group of people behind him on a city street"", ""a small boy dances on the concrete surrounded by adults"", ""the little boy wearing no shirt is running by a crowd of people"", ""the shirtless little boy is walking around adults""]"
2073105823_6dacade004.jpg,two people are walking down a wooden fence,a man in a black hoodie and jeans skateboards down a railing,"[""a man in a black hoodie and jeans skateboards down a railing"", ""a man skateboards down a steep railing next to some steps"", ""a person is sliding down a brick rail on a snowboard"", ""a person walks down the brick railing near a set of steps"", ""a snowboarder rides down a handrail without snow""]"
2073964624_52da3a0fc4.jpg,a man in a blue jacket and hat is riding a bike on a park,a woman in a pink hat and a navy blue coat riding a bicycle,"[""a woman in a pink hat and a navy blue coat riding a bicycle"", ""a woman wearing a pink cap riding a bicycle"", ""a woman wearing black clothes a purple scarf and a pink hat is riding a bike"", ""a woman with glasses and a pink hat rides her bike"", ""the woman is wearing a pink hat and is riding a bike in the park""]"
2075321027_c8fcbaf581.jpg,a man in a black jacket and leather jacket and black pants is standing on a sidewalk,a man in a beret rides a bicycle down the street,"[""a man in a beret rides a bicycle down the street"", ""a man wearing a beret rides his bicycle on a recreation trail"", ""an old man with a grey beard riding his bike"", ""closeup of a man cycling down a road lined with boulders"", ""man wearing a beret riding a bicycle""]"
2077079696_03380d218b.jpg,a man is standing on a rock overlooking the mountains,a hiker makes his way downhill,"[""a hiker makes his way downhill"", ""a man carying sticks descends a rocky hill"", ""a man is hiking on a mountaintop on a cloudy day"", ""hiker walking along high rocks in front of a blue sky with puffy white clouds"", ""the man in a blue sweater is climbing down the rocks""]"
2078311270_f01c9eaf4c.jpg,a man in a black jacket and hat is standing in front of a tree,two ladies walking on the sidewalk talking to each other,"[""two ladies walking on the sidewalk talking to each other"", ""two women are bundled up walking through town"", ""two women crossing the street on a cold day"", ""two women walking down the street"", ""two women walking near some trees in warm dark colored garments one with a hat one with an upraised collar""]"
2083434441_a93bc6306b.jpg,a man and a woman are standing on a sidewalk,an elderly woman is riding a bicycle in the city as a yellow taxi is about to pass by,"[""an elderly woman is riding a bicycle in the city as a yellow taxi is about to pass by"", ""an elderly woman rides a bicycle along a city street"", ""an older woman with blond hair rides a bicycle down the street"", ""a woman in a grey overcoat rides her bicycle along a street"", ""older woman wearing glassses riding a bicycle with a shopping bag on the handle yellow car is in the background""]"
2084217208_7bd9bc85e5.jpg,a man in a blue jacket and hat is walking down a street,a person in a blue jacket wearing a bicycle helmet is riding a bike,"[""a person in a blue jacket wearing a bicycle helmet is riding a bike"", ""a woman is riding her bicycle"", ""a woman riding a bike in a park"", ""a woman with a blue jacket wears a helmet as she rides a bike"", ""a woman with a helmet riding a bike""]"
2086513494_dbbcb583e7.jpg,a group of people are sitting on a <unk> looking at the camera,a girl in a white coat takes pictures,"[""a girl in a white coat takes pictures"", ""a girl in a white puffy jacket takes a picture"", ""a group of people looking into their cameras"", ""asian woman in white coat takes photo"", ""the woman in the white coat is holding a camera in her hand""]"
2089426086_7acc98a3a8.jpg,a man in a white shirt and black pants and a white shirt is sitting on a wooden wall,a girl in a hooded jacket presents a cake with candles,"[""a girl in a hooded jacket presents a cake with candles"", ""a girl in a hood jacket holds a birthday cake with many candles"", ""a girl in a winter coat with a birthday cake"", ""a girl is holding a birthday cake"", ""a young girl holding a cake with candles dressed in a heavy coat""]"
2096771662_984441d20d.jpg,a man wearing a black hat and hat is standing on a bench,a man looks through his binoculars while another man holds a drink,"[""a man looks through his binoculars while another man holds a drink"", ""a man with a thermos is standing next to a man who is gazing through binoculars"", ""two men are standing together while one looks through binoculars"", ""two men look out as one is holding binoculars"", ""two people standing next to each other with mountains in the distance""]"
2100816230_ff866fb352.jpg,a snowboarder jumps high in the air,a man in yellow jumps with his skis,"[""a man in yellow jumps with his skis"", ""a man in yellow ski jumping over a barrel"", ""a man jumps while snow skiing"", ""a skier catches air over the snow"", ""man skiing over a barrel in a snowy area""]"
2101457132_69c950bc45.jpg,a black dog runs through the water,a black dog is leaping into a creek,"[""a black dog is leaping into a creek"", ""a black dog is leaping over a stream of running water"", ""a black dog jumping off a river bank near a wooded area"", ""a wet black dog jumping into a lake"", ""a wet black dog leaps across a stream""]"
2102360862_264452db8e.jpg,a man and a woman are standing on the beach,a man on the beach is taking a picture of another man,"[""a man on the beach is taking a picture of another man"", ""a man posing for his photo on a rocky beach"", ""a man takes a picture of another man at the beach"", ""man filiming a man with sunglasses at the beach"", ""two men are standing on a rocky shore while one photographs the other""]"
2103568100_5d018c495b.jpg,a white dog is jumping over a stream in the water,a dog in some water enclosed by rocky ledge,"[""a dog in some water enclosed by rocky ledge"", ""a white dog is standing in a pond"", ""a white dog is walking through a river that runs through a rocky landscape"", ""a white dog walks through shallow water in the wilderness"", ""the white dog is wading in the pond atop the mountain""]"
2105756457_a100d8434e.jpg,a man and a woman are sitting on a wooden bench,two children standing under an awning,"[""two children standing under an awning"", ""two kids are playing a game of foosball"", ""two kids in a developing nation are playing a table top game under an awning made from burlap"", ""two men play a game beneath a shade"", ""two young kids are in a hut""]"
2112921744_92bf706805.jpg,a white dog is running through a grassy area,a dog on a green hillside,"[""a dog on a green hillside"", ""a dog standing on the side of a mountain"", ""a dog stands on the side of a grassy cliff"", ""a fluffy white dog looks down a steep grassy embankment"", ""a white dog is standing on a grassy hillside""]"
211295363_49010ca38d.jpg,a boat on a boat in the water,a few boats ride in the water in front of a city skyline,"[""a few boats ride in the water in front of a city skyline"", ""a large boat drives through the harbor"", ""a white boat is cruising near a large city backdrop"", ""small yachts in harbor city in background"", ""there is a white boat in the bay with a city in the background""]"
2120383553_5825333a3f.jpg,a little girl in a pink shirt is climbing a wooden wall,a girl wrings out a wet shirt,"[""a girl wrings out a wet shirt"", ""a girl wearing green twists something in her hands"", ""a little girl in a green outfit wringing out an orange rag"", ""a young girl plays outside"", ""the little girl in the green outfit is playing with a piece of orange material""]"
2120411340_104eb610b1.jpg,a large brown dog is standing on a rocky path,a dog and a cow are on a rocky slope,"[""a dog and a cow are on a rocky slope"", ""a dog and a cow are standing on a hillside"", ""a white dog looks at a nervous cow in a mountain setting"", ""a white dog stands in front of a cow that has its head down and horns directed at the dog"", ""two dogs are in a grassy area""]"
2124040721_bffc0a091a.jpg,a person in a red jacket is sitting on a red mat,an older man with white hair a blue jacket and a bright red hat,"[""an older man with white hair a blue jacket and a bright red hat"", ""an old man wearing a red hat and black raincoat"", ""an old man with white hair in a red hat"", ""a person is a red hat and winter jacket is looking into the distance"", ""a person with gray hair wears a red hat and watches it snow""]"
2128119486_4407061c40.jpg,a young boy with a red shirt is smiling at the camera,a baby eats and has food on his face,"[""a baby eats and has food on his face"", ""a boy with lips messy from eating fruit"", ""a little boy is eating something and got it all over his mouth"", ""a small child with berries all over its mouth"", ""a young brown eyed boy with red syrup on his lips is pouring syrup""]"
2140182410_8e2a06fbda.jpg,a man in a yellow jacket is riding a red sled in the snow,a boy in black winter clothes sits on an inflated sled by a mound of snow,"[""a boy in black winter clothes sits on an inflated sled by a mound of snow"", ""a child rides down the snow in a tube"", ""the kid is on a float in the snow"", ""there is a person sitting on a plastic blow up float in the high piled snow"", ""this person bundled up for the snow slides down the hill on an intertube""]"
2148916767_644ea6a7fa.jpg,a black and white dog is running through the snow,a black and white dog playing in the snow together,"[""a black and white dog playing in the snow together"", ""a black poodle jumping on the head of a white poodle while walking in the snow"", ""black dog jumping over a white dog in a snowy path"", ""two dogs playing in the snow"", ""two poodles are running through the snow""]"
215214751_e913b6ff09.jpg,a boat on a boat in the water,a boat with two fishermen sits peacefully on the lake,"[""a boat with two fishermen sits peacefully on the lake"", ""a silhouette of two men in a boat on a misty lake"", ""two men in a fishing boat on a river enjoy a pleasant morning"", ""two people are in a canoe on a river in misty conditions"", ""two people drift in a small boat on a foggy lake with trees in the background""]"
2160266952_a2ab39191b.jpg,a little boy in a blue shirt is standing next to a red ball,a boy and a girl bouncing on a ball,"[""a boy and a girl bouncing on a ball"", ""the children are wearing black tights while hopping"", ""two children dressed in black bounce on red and green bouncy balls in a garage"", ""two kids are bouncing on colorful balls"", ""two young children bouncing on balls""]"
2162564553_96de62c7e6.jpg,a woman in a bikini is sitting on a rock in front of a waterfall,a man stands at the edge of the water near the rocks,"[""a man stands at the edge of the water near the rocks"", ""a shirtless man in a pink hat is standing on a rocky shore"", ""a shirtless man in a pink hat stands on a rocky shore"", ""a shirtless man with a backpack and a hat is standing on a rocky shoreline"", ""the man in shorts and a hat is standing in the bay beside the ocean""]"
2167644298_100ca79f54.jpg,a man in a leather jacket and hat stands in front of a brick wall,a man dressed in black wearing a hat and glasses in front of a red wall,"[""a man dressed in black wearing a hat and glasses in front of a red wall"", ""a man in a black hat stands in front of a red wall"", ""a man wearing all black and a black hat is smiling"", ""a man with a hat glasses jewelry and a jacket stands against an orange wall"", ""there is a man with glasses and a hat wearing a black suit jacket indoors""]"
2170222061_e8bce4a32d.jpg,a brown and white dog is jumping up to catch a frisbee,a dog biting the tail of a cow,"[""a dog biting the tail of a cow"", ""a dog chasing an animals tail on the grass"", ""a small animal leaps behind a larger animal the larger animal tail obscuring the smaller one face"", ""a small dog chases after a large brown cow"", ""a tan animal is being swatted in the face by a brown and white bull""]"
2176980976_7054c99621.jpg,a group of people are sitting on a snowy mountain,a few people standing on top of a mountain taking pictures,"[""a few people standing on top of a mountain taking pictures"", ""a group of people peering over the edge of a large rocky mountain"", ""several people on top of a mountain look down at the ground"", ""the mountain are light tan in color"", ""three people sitting on a cliff""]"
2182488373_df73c7cc09.jpg,a group of people stand in front of a building,a city street with two ladies that have shopping bags in their hands with a crowd behind them,"[""a city street with two ladies that have shopping bags in their hands with a crowd behind them"", ""a woman in a hat holding a handbag smiles away from another woman wearing sunglasses and holding a shopping bag"", ""people are standing on the hollywood walk of fame"", ""two older women walking down the busy street with shopping bags"", ""two women dressed in leather are standing on a city street""]"
2183227136_8bb657846b.jpg,a man is standing on a dock overlooking the water,a child playing in the beach sand during a sunset,"[""a child playing in the beach sand during a sunset"", ""a child playing in the sand of a beach with the sun low on the horizon"", ""a person on the beach beside the ocean at sunset"", ""image of a sunset at the beach with a kid in the foreground"", ""someone paddles a small boat across a still lake at sunset""]"
2189995738_352607a63b.jpg,two people are playing in the water,at least people swim in shallow water that grows deeps towards a bridge,"[""at least people swim in shallow water that grows deeps towards a bridge"", ""children are playing and swimming in a boy of water with a foot bridge in the background"", ""kids playing in the water in front of a wooden bridge"", ""two children playing in a lake"", ""two children playing in a river near a wooden bridge""]"
219070971_ae43410b9e.jpg,a man in a red shirt is riding a bike on a rocky hill,a dirt biker pushes his motorcycle up a rock while another rider watches,"[""a dirt biker pushes his motorcycle up a rock while another rider watches"", ""a man in red on a dirt bike struggles up a rock while another man in red watches"", ""a man in red pushes his motocross bike up a rock"", ""a man is looking on as another man attempts to climb a small boulder with his dirt bike"", ""a red clad man rides a bike through rocky ground while another man looks on""]"
2192131110_8a40e7c028.jpg,a man in a red shirt is riding a red horse,a lady is swinging and smiling,"[""a lady is swinging and smiling"", ""a person swinging on a swing"", ""kid swinging on a swing"", ""person on swing"", ""this girl is having so much fun on the swing""]"
219301555_17883a51bd.jpg,a man in a wetsuit is riding a large wave,an extremely wet woman is wading in front of a waterfall,"[""an extremely wet woman is wading in front of a waterfall"", ""a woman dressed in shorts and a shirt walking in shallow water in front of a waterfall"", ""a woman wading through a pool in front of a waterfall"", ""the lady is walking through the water"", ""wet woman walking through water near a large waterfall""]"
2194286203_5dc620006a.jpg,two children are playing in the sand,a little girl and boy play in the sand on the beach,"[""a little girl and boy play in the sand on the beach"", ""a young boy and girl play together in the sand"", ""boy and girl make a sand castle"", ""two children build a sand castle on the beach"", ""two kids building a sand castle""]"
2194494220_bb2178832c.jpg,a black dog is jumping over a snow covered hill,a person is skijoring with a dog in the mountains,"[""a person is skijoring with a dog in the mountains"", ""a person skis with their dog"", ""a woman cross country skiing with a brown dog"", ""a woman skiing down a snowy mountain with a brown dog on a lesh running with her"", ""the brown dog pulls a skier across snow covered ground""]"
2196107384_361d73a170.jpg,a man in a blue shirt is riding a bicycle on a skateboard,a man wearing a black hat walks along a road next to a building,"[""a man wearing a black hat walks along a road next to a building"", ""an older man in a long sleeved black shirt is walking down a cobblestone street alone"", ""a old man walks down the uncrowded road"", ""a person walking in front of a building"", ""the man is walking near a brown building""]"
2196316998_3b2d63f01f.jpg,a group of people are standing on a <unk>,a man grabs the end of a set of bagpipes while another man plays,"[""a man grabs the end of a set of bagpipes while another man plays"", ""a man is playing blowing into bagpipes whilst another man tests the tone with an electronic tuner"", ""a man plays a bagpipe while another checks on the instrument"", ""two men are wearing black hats and carrying bagpipes"", ""two men one playing a bagpipe and one adjusting the bagpipe""]"
2196846255_2c1635359a.jpg,a brown dog is running through the water,a dog standing in the shallow part of the ocean while the waves splash around,"[""a dog standing in the shallow part of the ocean while the waves splash around"", ""a dog standing in the water"", ""a wrinkled dog wading in shallow water"", ""the large brown dog is walking through water in the ocean"", ""the large brown dog stands in the choppy water""]"
2197275664_fabcf3424b.jpg,a little girl in a pink shirt is jumping on a red mat,a child riding a scooter indoors,"[""a child riding a scooter indoors"", ""a girl plays on a red scooter"", ""little girl playing on a scooter in her house"", ""the girl is on a red scooter"", ""the little girl is riding her red scooter""]"
2204550058_2707d92338.jpg,a woman in a blue shirt and a white shirt is smiling at the camera,a lady stands in the middle of a crowd wearing white gloves,"[""a lady stands in the middle of a crowd wearing white gloves"", ""a woman tilts her face upward and lifts her white gloved hand"", ""a woman wearing a white glove peers over the crowd"", ""a woman with a white glove and several others"", ""a woman with brown hair wearing white gloves""]"
2206960564_325ed0c7ae.jpg,a white dog is running on the beach,a beige puppy walks across the floor,"[""a beige puppy walks across the floor"", ""a small puppy rungs towards the camera"", ""a white puppy is running on a tiled floor"", ""puppy running on the floor"", ""the white dog ran across the tile floor""]"
2207244634_1db1a1890b.jpg,a boy in a red shirt is jumping on a skateboard,a man wearing a red helmet jumps up while riding a skateboard,"[""a man wearing a red helmet jumps up while riding a skateboard"", ""a young man wearing a red jacket performs a jump on a red skateboard"", ""the helmeted boy is doing a stunt on a skateboard"", ""the young man is skateboarding at a skate park"", ""young man is performing a trick on a skateboard in a park""]"
2208067635_39a03834ca.jpg,a young boy wearing a red shirt climbs a rock face,a girl is climbing a rock while someone is filming her,"[""a girl is climbing a rock while someone is filming her"", ""a little girl is climbing up a rock as her mom shadow is casting over the rock"", ""a small child climbs a large rock while someone casting a shadow takes her picture"", ""a young girl is rock climbing"", ""the long black shadow casts a image on the rock while the young girl climbs the rock""]"
2208310655_a3d83080c5.jpg,two young boys are posing for a picture,a boy is kissing a woman on the cheek next to a girl who is wide eyed and sticking out her tongue,"[""a boy is kissing a woman on the cheek next to a girl who is wide eyed and sticking out her tongue"", ""a mother and two children are posing with funny faces"", ""an adult with two kids one child making a face and the other kissing the adult cheek"", ""boy kissing woman and girl sticking out her tongue"", ""mother with two boys one acting goofy and the other giving her a kiss""]"
2215136723_960edfea49.jpg,a man in a red jacket is jumping over a snow covered hill,a kid walks on a snowy hill with their arms out,"[""a kid walks on a snowy hill with their arms out"", ""a little boy plays in the snow"", ""a toddler in a red jacket is balancing on top of snow"", ""a young child wearing orange balances on a snowy ledge"", ""the little boy in black and orange walks through the snow""]"
2216695423_1362cb25f3.jpg,a brown and white dog is playing with a brown and white dog,a group of large white and orange dogs are in the grass,"[""a group of large white and orange dogs are in the grass"", ""dogs play with stick"", ""four dogs play together outside with sticks"", ""four dogs play with each other and with sticks"", ""the dogs are playing with a stick outside""]"
2218609886_892dcd6915.jpg,a man in a black jacket is sitting on a bench in front of a brick wall,a man is sitting on the floor outside a door and his head on his chin,"[""a man is sitting on the floor outside a door and his head on his chin"", ""a man sits against a yellow wall wearing all black"", ""a man wearing a dark blue hat sits on the ground and leans against a building"", ""man with black hat coat and pants sitting next to the door of a building"", ""the man in the black hat is sitting on the floor beside the green door""]"
2224450291_4c133fabe8.jpg,a man and a woman are sitting on a wooden bench in front of a tree,a man in a tropical enviorment holding a camera to his face,"[""a man in a tropical enviorment holding a camera to his face"", ""a man in blue takes a photo of the person taking a photo of him"", ""a man taking a picture with a silver camera"", ""man in a blue shirt with a camera"", ""the man is outdoors holding a camera""]"
2225231022_1632d0a5aa.jpg,a man in a black jacket and black jacket is standing in front of a brick wall,a man and two women standing by a wood pole in front of steps,"[""a man and two women standing by a wood pole in front of steps"", ""three students standing together in front of a stairway"", ""three young adults look towards the camera in a school setting"", ""two women and a man are all wearing black jackets and smiling"", ""two women and a man smile for the camera""]"
2228022180_9597b2a458.jpg,a group of people are sitting on a bench in front of a brick wall,a bunch of asian children on steps,"[""a bunch of asian children on steps"", ""a large group of asian children sit on or stand near steps"", ""group of children in blue uniforms sitting on steps"", ""little children in school uniforms congregate on the steps"", ""many school children dressed in the same uniform are sitting on stairs""]"
2229179070_dc8ea8582e.jpg,a small dog is jumping over a pole in the grass,a brown dog jumps through three hoops,"[""a brown dog jumps through three hoops"", ""a dog is jumping through hoops held by people"", ""a dog jumps through a black hulahoop"", ""a medium size dog is jumping through hoops which are being held by men"", ""a trainer runs next to his dog as it jumps through multiple hoops""]"
223299142_521aedf9e7.jpg,a man is standing on top of a mountain,a man among steep and snowy mountains,"[""a man among steep and snowy mountains"", ""someone hikes down a steep frozen mountainside"", ""the grass has ice on it and there is a mountain in the background"", ""the man is climbing up a steep snowy mountain"", ""the person is high on a mountain during sunset""]"
2238019823_79318d1f11.jpg,a white dog is jumping over the water,a man surfs by the golden gate bridge on a foggy day,"[""a man surfs by the golden gate bridge on a foggy day"", ""a surfer rides a wave under a red bridge"", ""a surfer by a bridge in foggy conditions"", ""a surfer under a bridge"", ""man surfing under the golden gate bridge on a foggy day""]"
2238759450_6475641bdb.jpg,a man in a blue shirt is sitting on a boat,a curly haired girl is dragging a grey inflatable raft with a red paddle into the water,"[""a curly haired girl is dragging a grey inflatable raft with a red paddle into the water"", ""a girl in a yellow headscarf is pulling a boat to the water"", ""a woman pulls an inflatable boat into the water"", ""a woman pulls her raft into the water"", ""someone is pulling an inflatable boat with an oar in it""]"
2239938351_43c73c887c.jpg,two dogs are playing tug of war,a big black dog carries a blue ball while two corgis run at his side,"[""a big black dog carries a blue ball while two corgis run at his side"", ""a black doberman a brown and white corgi and a black brown and white corgi play with a blue ball on the grass"", ""three dogs one of whom has a blue ball"", ""three dogs on grass one with a blue ball in its mouth"", ""three dogs playing with a blue ball""]"
224369028_b1ac40d1fa.jpg,a little girl in a white dress is standing in front of a fountain,a little blonde girl is standing in front of a water fountain,"[""a little blonde girl is standing in front of a water fountain"", ""a young blond girl standing in front of a large fenced in fountain"", ""a young girl standing in front of a fountain"", ""a young in a white dress standing in front of a fence and fountain"", ""the little girl in a white dress is standing in front of the large park fountain""]"
2247889670_413db8094b.jpg,two dogs play in the water,a man and a dog running across shallow water on a beach,"[""a man and a dog running across shallow water on a beach"", ""a man and his dog walk on the ice of a frozen pond"", ""a man dressed in winter clothes is on the beach wiht a dog"", ""a man in a brown jacket is running on a sandy bay towards a dog that is in turn running towards him"", ""the backview of a man dressed up in a jacket and a dog running towards him""]"
2248487950_c62d0c81a9.jpg,a man in a black jacket is standing on a street in front of a building,a man and a woman wait to cross a street,"[""a man and a woman wait to cross a street"", ""a man talks on his cellphone and another man rides a wheelchair"", ""a woman crosses the street near a man who is on his cellphone"", ""a woman in a coat and a man in a tracksuit talking on a phone cross the street"", ""a woman tries to cross the road before a man on a red scooter""]"
2251747182_6b67a3ab8b.jpg,a basketball player in a blue uniform is playing with a basketball game,a boy playing basketball in a gym,"[""a boy playing basketball in a gym"", ""a young boy holding a basketball about to shoot"", ""a young boy playing basketball is getting ready to take a shot"", ""the boy in the white jersey is dribbling the orange wizards basketball"", ""the little boy in the red shorts is going to shoot a basket""]"
2256133102_e2c8314ecb.jpg,a man is standing on a rock overlooking the ocean,a man in blue pants repels off a cliff over water,"[""a man in blue pants repels off a cliff over water"", ""a man is hanging by a line off a cliff above water"", ""an individual rappelling down a cliff towards the water"", ""a person hangs from a rope on a cliff"", ""someone dangles on a rope from a rocky cliff over the ocean""]"
2265096094_8cc34d669c.jpg,a brown dog is running through the woods,a donkey pulling a cart with a boy in it takes a brake,"[""a donkey pulling a cart with a boy in it takes a brake"", ""a donkey pulling a car with a man on it"", ""a mule is carring a man in a cart next to some palm trees"", ""a mule pulling a carriage with a man inside along a dirt path"", ""a person is pulled in a cart by a donkey""]"
226607225_44d696db6b.jpg,a man in a blue wetsuit is surfing in the ocean,a green fish is jumping out of water,"[""a green fish is jumping out of water"", ""a large fish breaching the water surface"", ""a large green and blue fish leaps from the water"", ""a large green fish jumps out of the water"", ""the large green fish is jumping out of the water""]"
2271755053_e1b1ec8442.jpg,a basketball player in the air,a boy with red shorts is holding a basketball in a basketball court,"[""a boy with red shorts is holding a basketball in a basketball court"", ""a young boy is playing basketball in an official game"", ""the boy is playing basketball"", ""the boy runs with the basketball while looking up"", ""the children are playing basketball indoors""]"
2274992140_bb9e868bb8.jpg,a little girl in a pink shirt is sitting on a chair,an older child watching a toddler play with a long spring inside a house,"[""an older child watching a toddler play with a long spring inside a house"", ""a young child plays with a slinky in the family room while an older sibling watches"", ""two little children and one is playing with a slinky"", ""two young children are playing in the living room with some toys"", ""two young children playing in front of a couch""]"
2280525192_81911f2b00.jpg,a black and brown dog is running through a field,a brown and black dog jumping through a field of long blades of grass,"[""a brown and black dog jumping through a field of long blades of grass"", ""a dog runs through the tall grass"", ""a dog wearing a red harness runs across a field"", ""black and brown dog with red harness in high grass"", ""dog running through the weeds""]"
2283966256_70317e1759.jpg,a brown dog and a brown dog are playing in the water,a brown dog walks on the rocks near a river,"[""a brown dog walks on the rocks near a river"", ""a dog is walking through some gravel beside a river"", ""a dog with a snub nose smells for somthing on a riverbank"", ""a large brown dog is walking along side a river"", ""a large tan bulldog walking along the rocky shore of a small stream""]"
2285570521_05015cbf4b.jpg,a person skis down a snowy hill,a cross country skier has left a trail behind him as he makes his way through the snow,"[""a cross country skier has left a trail behind him as he makes his way through the snow"", ""a lone skier walking cross a snowy bank with trees in the background"", ""a man is hiking on a snow covered trail"", ""a man is skiing down a snowy hill while he casts a long shadow"", ""the skier moves down the hill on a beautiful day""]"
2288099178_41091aa00c.jpg,a group of people are riding on a snowboard,children skating while people watch on the side,"[""children skating while people watch on the side"", ""two boys ice skate with other people"", ""two boys on ice skates race on an outdoor ice rink"", ""two boys race on ice skates while others watch"", ""two children are skating quickly on ice""]"
2289068031_fe26990183.jpg,a group of people are riding their bikes on a dirt track,a motocross rider rides in the air over a bar,"[""a motocross rider rides in the air over a bar"", ""a motorbike jumping a pole"", ""a person is jumping a motorcycle over a pole while camera men film"", ""a professional dirt biker doing stunts while being videotaped"", ""man on a motorcycle performing a trick high in the air""]"
2292406847_f366350600.jpg,a boat in the water,a man in a rowboat is rowing across blue water,"[""a man in a rowboat is rowing across blue water"", ""a man is rowing in a small boat called neptuno"", ""a man rows his boat below"", ""man rowing a boat"", ""the fisherman paddles in his to a new spot""]"
2295216243_0712928988.jpg,a group of people are posing for a picture,a girl dances with adults in the sand,"[""a girl dances with adults in the sand"", ""a group of people dancing on a beach in front of a truck"", ""friends and family dance on a beach by their vehicles"", ""many people dancing in a sandy desert"", ""several people are dancing in some sand""]"
2295750198_6d152d7ceb.jpg,a little girl runs through the grass,a girl is standing on one leg in the middle of the field,"[""a girl is standing on one leg in the middle of the field"", ""a girl with her leg out on a lawn"", ""a little girl kicks into the air"", ""a warmly dressed girl kicks up her leg outdoors"", ""person walking in the field""]"
229862312_1a0ba19dab.jpg,two dogs are playing in the grass,a brown puppy is laying on its back in the grass,"[""a brown puppy is laying on its back in the grass"", ""a dog lays down in the long green grass"", ""a dog rolling in the grass"", ""a dog rolls in the grass"", ""a golden dog is laying on its back in the grass""]"
2300168895_a9b83e16fc.jpg,a brown dog is running through the grass,a brown dog laying in the grass with a white chew toy,"[""a brown dog laying in the grass with a white chew toy"", ""a brown dog lying in the grass playing with a white rag"", ""a brown dog sitting on grass"", ""a dog sitting on grass"", ""orange dog with knotted white rag on grass""]"
2301525531_edde12d673.jpg,a black and white dog runs through the snow,a black and white dog is jumping in the snow at a park,"[""a black and white dog is jumping in the snow at a park"", ""a black and white dog running in a snowy park"", ""a black and white dog runs over snow by a tree and bench"", ""a small white and black dog jumping in the snow"", ""black and white dog running in the snow""]"
2306674172_dc07c7f847.jpg,a young boy is jumping off a skateboard in a skate park,a boy in a blue shirt jumps down stairs on a skateboard,"[""a boy in a blue shirt jumps down stairs on a skateboard"", ""a man flies through the air on his skateboard above a white staircase"", ""a skateboarder jumps his board down a flight of stairs"", ""a skateboarder sails over white steps"", ""skateboarder jumping down stairs of building""]"
2307118114_c258e3a47e.jpg,a man in a black hat and black leather jacket,a man in a black cap and shirt smiling while holding a white grey and black rectangular object,"[""a man in a black cap and shirt smiling while holding a white grey and black rectangular object"", ""a man smiles and poses with a product he appears to be trying to sell"", ""a man wearing a black shirt and baseball cap smiling"", ""the man is wearing a black shirt and hat and smiling"", ""there is a man with a black shirt and a black hat smiling""]"
2308271254_27fb466eb4.jpg,two dogs run through the water,a grey dog chasing a brown dog in shallow water,"[""a grey dog chasing a brown dog in shallow water"", ""a small black dog chasing a small fluffy brown dog just above water"", ""two dogs moving through water close to the shore"", ""two dogs playing in a lake"", ""two dogs playing on the shore""]"
2308978137_bfe776d541.jpg,a group of people stand in front of a building,a crowd of boys riding a vehicle,"[""a crowd of boys riding a vehicle"", ""a large group of people wearing similar clothing riding a single vehicle"", ""almost dozen people are riding on the outside of a cart down a road"", ""a vehicle crowded with people"", ""many young men with backpacks are clinging to and riding on a vehicle""]"
2309860995_c2e2a0feeb.jpg,a group of people are standing in front of a crowd of people,a woman in a black overcoat and red hair with man in white walking behind her,"[""a woman in a black overcoat and red hair with man in white walking behind her"", ""a woman wearing a black coat and sunglasses is standing in front of a man walking away with a backpack"", ""a woman wears sunglasses and a black coat as she walks"", ""there is a woman in a black jacket and sunglasses and a man in a white shirt with his back turned"", ""the woman in the dark coat is facing the camera while the man in the blue shirt faces away""]"
2310126952_7dc86d88f6.jpg,a group of dogs are running through a snow covered field,a dog sled team seen from behind,"[""a dog sled team seen from behind"", ""a group of dogs harnessed together to pull something in the snow"", ""a sled dog team running from the perspective of the rider"", ""a sled dog team works hard on this snowy trail"", ""several dogs in the snow all harnessed in a line""]"
2311690895_0d6efe11c8.jpg,a brown dog is licking its nose,a brown dog looks up while a person fingers are in its mouth,"[""a brown dog looks up while a person fingers are in its mouth"", ""a dog bites someone finger"", ""a dog is chewing on someone finger"", ""a person has his or her hands in a dog mouth"", ""a person touches a dog tooth""]"
2317714088_bcd081f926.jpg,three people are standing on a snowy day,a person has just thrown a snowball and hit someone in the back,"[""a person has just thrown a snowball and hit someone in the back"", ""people outside a house in snow"", ""people stand outside a house"", ""several people standing in front of a pile of snow in front of a house with one person shoveling"", ""some people are gathered by a mound of snow outside a house""]"
